구명,읍면동명,선거인수,투표수,유효득표수,1위정당,1위후보,1위득표수,1위득표율,무효투표수,기권자수,더불어민주당_정원오_득표수,국민의힘_오세훈_득표수,개혁신당_김정철_득표수,여성의당_유지혜_득표수,정의당_권영국_득표수
종로구,청운효자동,9091,5977,5907,더불어민주당,정원오,3129,52.9711,70,3114,3129,2574,44,49,111
종로구,사직동,7314,4315,4274,국민의힘,오세훈,2449,57.3,41,2999,1695,2449,33,42,55
종로구,삼청동,1725,1049,1042,국민의힘,오세훈,553,53.071,7,676,467,553,5,4,13
종로구,부암동,7226,4432,4397,더불어민주당,정원오,2210,50.2615,35,2794,2210,2064,29,26,68
종로구,평창동,14007,8519,8458,국민의힘,오세훈,4644,54.9066,61,5488,3625,4644,51,42,96
종로구,무악동,6177,4352,4310,국민의힘,오세훈,2129,49.3968,42,1825,2062,2129,29,37,53
종로구,교남동,7802,5278,5234,국민의힘,오세훈,2707,51.7195,44,2524,2377,2707,39,33,78
종로구,가회동,3079,1904,1888,더불어민주당,정원오,1005,53.2309,16,1175,1005,836,15,13,19
종로구,종로1·2·3·4가동,5657,2855,2814,국민의힘,오세훈,1521,54.0512,41,2802,1215,1521,27,19,32
종로구,종로5·6가동,4552,2414,2381,국민의힘,오세훈,1229,51.617,33,2138,1092,1229,18,19,23
종로구,이화동,6207,3629,3572,더불어민주당,정원오,1843,51.5957,57,2578,1843,1594,29,45,61
종로구,혜화동,13728,8349,8246,더불어민주당,정원오,4033,48.9086,103,5379,4033,3817,111,129,156
종로구,창신제1동,4449,2874,2829,더불어민주당,정원오,1592,56.2743,45,1575,1592,1183,16,16,22
종로구,창신제2동,6348,3735,3682,더불어민주당,정원오,2044,55.5133,53,2613,2044,1581,15,19,23
종로구,창신제3동,5157,3310,3284,더불어민주당,정원오,1674,50.9744,26,1847,1674,1540,15,20,35
종로구,숭인제1동,4815,2827,2796,더불어민주당,정원오,1473,52.6824,31,1988,1473,1273,10,15,25
종로구,숭인제2동,8969,4867,4802,더불어민주당,정원오,2524,52.5614,65,4102,2524,2128,45,53,52
중구,소공동,1917,1136,1128,국민의힘,오세훈,609,53.9894,8,781,478,609,10,10,21
중구,회현동,3645,2032,2007,국민의힘,오세훈,1183,58.9437,25,1613,778,1183,18,13,15
중구,명동,1955,991,979,국민의힘,오세훈,541,55.2605,12,964,421,541,7,4,6
중구,필동,3931,2290,2266,국민의힘,오세훈,1228,54.1924,24,1641,975,1228,20,19,24
중구,장충동,4064,2246,2207,국민의힘,오세훈,1138,51.5632,39,1818,992,1138,27,24,26
중구,광희동,4775,2526,2495,국민의힘,오세훈,1495,59.9198,31,2249,941,1495,22,21,16
중구,을지로동,2734,1663,1651,국민의힘,오세훈,932,56.4506,12,1071,677,932,14,6,22
중구,신당동,6422,3518,3466,국민의힘,오세훈,1723,49.7115,52,2904,1648,1723,26,41,28
중구,다산동,10579,6128,6051,국민의힘,오세훈,2964,48.9836,77,4451,2933,2964,51,40,63
중구,약수동,13385,8795,8688,국민의힘,오세훈,4606,53.0157,107,4590,3891,4606,74,46,71
중구,청구동,8896,6053,5985,국민의힘,오세훈,3212,53.6675,68,2843,2636,3212,49,40,48
중구,신당제5동,8583,5198,5136,더불어민주당,정원오,2648,51.5576,62,3385,2648,2369,39,38,42
중구,동화동,8118,5483,5429,국민의힘,오세훈,2728,50.2487,54,2635,2602,2728,36,34,29
중구,황학동,11478,6592,6506,국민의힘,오세훈,3230,49.6465,86,4886,3132,3230,51,50,43
중구,중림동,9736,6337,6285,국민의힘,오세훈,3241,51.5672,52,3399,2874,3241,51,51,68
용산구,후암동,12758,7604,7512,더불어민주당,정원오,3663,48.762,92,5154,3663,3644,51,60,94
용산구,용산2가동,7508,4161,4111,더불어민주당,정원오,2013,48.9662,50,3347,2013,1983,25,22,68
용산구,남영동,5998,2965,2919,국민의힘,오세훈,1512,51.7986,46,3033,1336,1512,18,19,34
용산구,청파동,15792,8674,8581,더불어민주당,정원오,4104,47.8266,93,7118,4104,4062,78,207,130
용산구,원효로제1동,14089,8778,8712,국민의힘,오세훈,4878,55.9917,66,5311,3564,4878,69,88,113
용산구,원효로제2동,10890,6904,6848,국민의힘,오세훈,3784,55.257,56,3986,2873,3784,47,66,78
용산구,효창동,8628,5728,5690,국민의힘,오세훈,2953,51.8981,38,2900,2565,2953,42,53,77
용산구,용문동,9468,6286,6222,국민의힘,오세훈,3206,51.5268,64,3182,2856,3206,40,48,72
용산구,한강로동,17117,10348,10267,국민의힘,오세훈,6983,68.014,81,6769,3069,6983,51,64,100
용산구,이촌제1동,20003,13292,13221,국민의힘,오세훈,9563,72.3319,71,6711,3401,9563,91,77,89
용산구,이촌제2동,6548,4518,4469,국민의힘,오세훈,2844,63.6384,49,2030,1555,2844,21,16,33
용산구,이태원제1동,4846,2573,2545,국민의힘,오세훈,1661,65.2652,28,2273,830,1661,17,19,18
용산구,이태원제2동,7261,3973,3925,국민의힘,오세훈,2185,55.6688,48,3288,1646,2185,24,23,47
용산구,한남동,11291,5766,5716,국민의힘,오세훈,4053,70.9062,50,5525,1587,4053,23,22,31
용산구,서빙고동,9478,5581,5525,국민의힘,오세훈,3850,69.6833,56,3897,1575,3850,37,33,30
용산구,보광동,4947,2911,2875,국민의힘,오세훈,1617,56.2435,36,2036,1193,1617,19,16,30
성동구,금호1가동,11225,7225,7173,더불어민주당,정원오,3664,51.0804,52,4000,3664,3420,38,28,23
성동구,금호2·3가동,16802,10731,10646,더불어민주당,정원오,5399,50.7139,85,6071,5399,5108,49,41,49
성동구,금호4가동,11804,7772,7710,국민의힘,오세훈,3825,49.6109,62,4032,3803,3825,39,18,25
성동구,옥수동,20559,13402,13317,국민의힘,오세훈,7719,57.9635,85,7157,5436,7719,71,44,47
성동구,왕십리도선동,20538,13048,12958,더불어민주당,정원오,6477,49.9846,90,7490,6477,6269,84,72,56
성동구,왕십리제2동,13396,8885,8816,더불어민주당,정원오,5038,57.1461,69,4511,5038,3672,36,26,44
성동구,행당제1동,12928,8451,8385,국민의힘,오세훈,4140,49.3739,66,4477,4110,4140,57,34,44
성동구,행당제2동,17696,12139,12044,더불어민주당,정원오,6242,51.8266,95,5557,6242,5637,57,53,55
성동구,마장동,18168,11571,11443,더불어민주당,정원오,6213,54.2952,128,6597,6213,5020,72,72,66
성동구,사근동,10388,5520,5431,국민의힘,오세훈,2678,49.3095,89,4868,2580,2678,67,67,39
성동구,송정동,7821,4566,4532,더불어민주당,정원오,2507,55.3177,34,3255,2507,1948,35,21,21
성동구,용답동,11517,6492,6411,더불어민주당,정원오,3531,55.0772,81,5025,3531,2739,52,39,50
성동구,응봉동,11397,7514,7460,더불어민주당,정원오,3915,52.4799,54,3883,3915,3465,24,22,34
성동구,성수1가제1동,12154,7324,7268,국민의힘,오세훈,4073,56.0402,56,4830,3095,4073,32,41,27
성동구,성수1가제2동,12685,8556,8496,국민의힘,오세훈,4268,50.2354,60,4129,4101,4268,49,38,40
성동구,성수2가제1동,11811,7168,7090,국민의힘,오세훈,3689,52.031,78,4643,3318,3689,40,23,20
성동구,성수2가제3동,8195,5309,5283,국민의힘,오세훈,2683,50.7855,26,2886,2494,2683,39,30,37
광진구,중곡제1동,12993,7580,7463,더불어민주당,정원오,3819,51.1725,117,5413,3819,3418,67,73,86
광진구,중곡제2동,17036,10069,9943,더불어민주당,정원오,5164,51.936,126,6967,5164,4510,75,106,88
광진구,중곡제3동,13346,7792,7688,더불어민주당,정원오,3919,50.9755,104,5554,3919,3567,56,72,74
광진구,중곡제4동,23418,14384,14193,더불어민주당,정원오,7343,51.7368,191,9034,7343,6530,89,121,110
광진구,능동,9377,5753,5670,더불어민주당,정원오,2831,49.9295,83,3624,2831,2653,42,70,74
광진구,구의제1동,20243,11800,11644,더불어민주당,정원오,5722,49.1412,156,8443,5722,5584,100,109,129
광진구,구의제2동,20667,12581,12446,더불어민주당,정원오,6332,50.8758,135,8086,6332,5822,85,98,109
광진구,구의제3동,23119,15478,15323,국민의힘,오세훈,8372,54.6368,155,7641,6590,8372,108,118,135
광진구,광장동,24608,16585,16461,국민의힘,오세훈,9135,55.4948,124,8023,6977,9135,109,119,121
광진구,자양제1동,19365,11593,11412,더불어민주당,정원오,5683,49.7985,181,7772,5683,5394,101,113,121
광진구,자양제2동,20528,12517,12373,국민의힘,오세훈,6616,53.4713,144,8011,5512,6616,76,78,91
광진구,자양제3동,21757,14645,14507,국민의힘,오세훈,8192,56.4693,138,7112,6051,8192,78,88,98
광진구,자양제4동,18133,10792,10649,국민의힘,오세훈,5638,52.9439,143,7341,4793,5638,72,77,69
광진구,화양동,21004,10084,9948,국민의힘,오세훈,5108,51.347,136,10920,4380,5108,126,208,126
광진구,군자동,16107,8898,8787,더불어민주당,정원오,4346,49.4594,111,7209,4346,4134,110,94,103
동대문구,신설동,12961,7163,7071,국민의힘,오세훈,3511,49.6535,92,5798,3364,3511,59,53,84
동대문구,용두동,19741,11682,11544,국민의힘,오세훈,5634,48.8046,138,8059,5624,5634,106,77,103
동대문구,제기동,19261,11169,10998,국민의힘,오세훈,5559,50.5456,171,8092,5105,5559,115,101,118
동대문구,청량리동,15548,9440,9284,국민의힘,오세훈,4983,53.673,156,6108,4116,4983,45,60,80
동대문구,회기동,9754,5590,5512,국민의힘,오세훈,2687,48.7482,78,4164,2539,2687,89,105,92
동대문구,휘경제1동,13852,8175,8075,국민의힘,오세훈,4197,51.9752,100,5677,3635,4197,62,80,101
동대문구,휘경제2동,19007,11013,10902,국민의힘,오세훈,5464,50.1192,111,7994,5079,5464,100,128,131
동대문구,이문제1동,23950,14913,14762,국민의힘,오세훈,8023,54.349,151,9037,6274,8023,137,162,166
동대문구,이문제2동,15194,10051,9938,더불어민주당,정원오,5025,50.5635,113,5143,5025,4663,76,77,97
동대문구,전농제1동,26296,15889,15667,국민의힘,오세훈,7877,50.2777,222,10407,7430,7877,121,124,115
동대문구,전농제2동,14603,9699,9582,더불어민주당,정원오,4836,50.4696,117,4904,4836,4563,62,61,60
동대문구,답십리제1동,21937,13986,13846,더불어민주당,정원오,6853,49.4944,140,7951,6853,6692,82,102,117
동대문구,답십리제2동,22538,14317,14135,더불어민주당,정원오,7116,50.3431,182,8221,7116,6784,70,73,92
동대문구,장안제1동,31817,19129,18930,더불어민주당,정원오,9984,52.7417,199,12688,9984,8499,124,140,183
동대문구,장안제2동,26413,16053,15876,더불어민주당,정원오,8185,51.5558,177,10360,8185,7330,112,118,131
중랑구,면목본동,27728,15038,14808,더불어민주당,정원오,7857,53.0592,230,12690,7857,6577,96,131,147
중랑구,면목제2동,19289,10324,10191,더불어민주당,정원오,5383,52.8211,133,8965,5383,4584,73,75,76
중랑구,면목제3·8동,19700,10732,10562,더불어민주당,정원오,5314,50.3124,170,8968,5314,5009,61,70,108
중랑구,면목제4동,14258,7898,7761,더불어민주당,정원오,4075,52.5061,137,6360,4075,3509,55,60,62
중랑구,면목제5동,11479,7044,6985,더불어민주당,정원오,3788,54.2305,59,4435,3788,3032,46,47,72
중랑구,면목제7동,18144,10927,10789,더불어민주당,정원오,5715,52.9706,138,7217,5715,4832,78,72,92
중랑구,상봉제1동,17274,10155,10007,국민의힘,오세훈,4904,49.0057,148,7119,4874,4904,78,80,71
중랑구,상봉제2동,19234,10021,9892,더불어민주당,정원오,5139,51.9511,129,9213,5139,4405,99,125,124
중랑구,중화제1동,14938,8546,8452,더불어민주당,정원오,4300,50.8755,94,6392,4300,3956,56,63,77
중랑구,중화제2동,22345,12355,12167,더불어민주당,정원오,6253,51.3931,188,9990,6253,5640,103,85,86
중랑구,묵제1동,26302,15859,15704,더불어민주당,정원오,7777,49.5224,155,10443,7777,7511,110,142,164
중랑구,묵제2동,16002,9559,9434,더불어민주당,정원오,4975,52.7348,125,6443,4975,4216,80,78,85
중랑구,망우본동,30971,17847,17593,더불어민주당,정원오,8853,50.3212,254,13124,8853,8373,98,119,150
중랑구,망우제3동,13757,7740,7602,더불어민주당,정원오,4068,53.5122,138,6017,4068,3358,40,62,74
중랑구,신내제1동,28476,18051,17824,더불어민주당,정원오,9084,50.965,227,10425,9084,8302,128,149,161
중랑구,신내제2동,17374,11957,11821,더불어민주당,정원오,6170,52.1952,136,5417,6170,5396,85,64,106
성북구,성북동,13458,8073,8003,더불어민주당,정원오,4094,51.1558,70,5385,4094,3597,54,89,169
성북구,삼선동,19916,12235,12106,더불어민주당,정원오,6437,53.172,129,7681,6437,5151,109,199,210
성북구,동선동,12535,6725,6644,더불어민주당,정원오,3344,50.3311,81,5810,3344,2875,59,236,130
성북구,돈암제1동,11330,7332,7270,더불어민주당,정원오,3566,49.0509,62,3998,3566,3504,49,54,97
성북구,돈암제2동,17466,11262,11172,더불어민주당,정원오,5434,48.6395,90,6204,5434,5393,73,98,174
성북구,안암동,14021,7878,7784,국민의힘,오세훈,3709,47.649,94,6143,3667,3709,131,136,141
성북구,보문동,12652,7129,7041,더불어민주당,정원오,3469,49.2686,88,5523,3469,3345,67,65,95
성북구,정릉제1동,13974,8912,8839,더불어민주당,정원오,4565,51.6461,73,5062,4565,4066,44,66,98
성북구,정릉제2동,17440,10250,10135,더불어민주당,정원오,5129,50.6068,115,7190,5129,4742,70,81,113
성북구,정릉제3동,11288,5883,5791,국민의힘,오세훈,2960,51.1138,92,5405,2648,2960,51,71,61
성북구,정릉제4동,19702,11830,11723,더불어민주당,정원오,6050,51.608,107,7872,6050,5407,72,76,118
성북구,길음제1동,26270,17223,17101,더불어민주당,정원오,8800,51.459,122,9047,8800,7925,113,97,166
성북구,길음제2동,16621,10794,10717,더불어민주당,정원오,5291,49.3702,77,5827,5291,5195,66,76,89
성북구,종암동,30349,18970,18777,더불어민주당,정원오,9578,51.0092,193,11379,9578,8659,157,167,216
성북구,월곡제1동,19849,12569,12433,더불어민주당,정원오,6823,54.8781,136,7280,6823,5339,65,96,110
성북구,월곡제2동,15715,9309,9200,더불어민주당,정원오,4669,50.75,109,6406,4669,4184,60,158,129
성북구,장위제1동,18515,10671,10525,더불어민주당,정원오,5435,51.639,146,7844,5435,4860,61,75,94
성북구,장위제2동,12531,7012,6910,국민의힘,오세훈,3597,52.055,102,5519,3160,3597,35,52,66
성북구,장위제3동,14436,9390,9322,국민의힘,오세훈,4797,51.4589,68,5046,4319,4797,58,62,86
성북구,석관동,27049,15675,15480,더불어민주당,정원오,7618,49.2119,195,11374,7618,7495,86,129,152
강북구,삼양동,20396,11532,11358,더불어민주당,정원오,6087,53.5922,174,8864,6087,5007,68,84,112
강북구,미아동,18448,10486,10336,더불어민주당,정원오,5641,54.5762,150,7962,5641,4411,48,128,108
강북구,송중동,22404,12385,12236,더불어민주당,정원오,6169,50.4168,149,10019,6169,5771,61,120,115
강북구,송천동,19820,11381,11229,더불어민주당,정원오,5941,52.9076,152,8439,5941,5044,69,77,98
강북구,삼각산동,23259,15158,15024,더불어민주당,정원오,8044,53.541,134,8101,8044,6632,87,118,143
강북구,번1동,14754,7955,7839,더불어민주당,정원오,4156,53.017,116,6799,4156,3444,50,100,89
강북구,번2동,12139,7104,6961,더불어민주당,정원오,3649,52.4206,143,5035,3649,3159,49,37,67
강북구,번3동,13150,8059,7929,더불어민주당,정원오,4061,51.2171,130,5091,4061,3690,48,57,73
강북구,수유1동,17010,9063,8935,더불어민주당,정원오,4916,55.0196,128,7947,4916,3757,63,87,112
강북구,수유2동,17176,10100,9954,더불어민주당,정원오,5047,50.7032,146,7076,5047,4670,62,90,85
강북구,수유3동,19187,9442,9303,더불어민주당,정원오,4689,50.4031,139,9745,4689,4364,58,100,92
강북구,우이동,16713,9427,9331,더불어민주당,정원오,4952,53.0704,96,7286,4952,4113,50,89,127
강북구,인수동,23460,12788,12583,더불어민주당,정원오,6691,53.1749,205,10672,6691,5587,76,84,145
도봉구,쌍문1동,16883,9602,9495,더불어민주당,정원오,4926,51.8799,107,7281,4926,4296,52,118,103
도봉구,쌍문2동,14826,8724,8592,더불어민주당,정원오,4502,52.3976,132,6102,4502,3891,48,69,82
도봉구,쌍문3동,13822,8076,7958,더불어민주당,정원오,4191,52.664,118,5746,4191,3560,59,63,85
도봉구,쌍문4동,13987,9013,8934,더불어민주당,정원오,4398,49.2277,79,4974,4398,4335,37,92,72
도봉구,방학1동,22374,12734,12590,더불어민주당,정원오,6195,49.2057,144,9640,6195,6167,76,66,86
도봉구,방학2동,15167,8564,8415,더불어민주당,정원오,4500,53.4759,149,6603,4500,3754,41,53,67
도봉구,방학3동,21049,13764,13645,더불어민주당,정원오,7068,51.7992,119,7285,7068,6296,71,88,122
도봉구,창1동,18669,11553,11432,더불어민주당,정원오,5660,49.5101,121,7116,5660,5510,65,79,118
도봉구,창2동,23637,13728,13578,더불어민주당,정원오,7179,52.8723,150,9909,7179,6101,87,83,128
도봉구,창3동,10672,5960,5861,더불어민주당,정원오,3151,53.7622,99,4712,3151,2594,28,28,60
도봉구,창4동,21563,14419,14323,국민의힘,오세훈,7181,50.1361,96,7144,6853,7181,97,97,95
도봉구,창5동,19657,12723,12588,국민의힘,오세훈,6423,51.0248,135,6934,5871,6423,67,108,119
도봉구,도봉1동,17794,10784,10608,더불어민주당,정원오,5421,51.1029,176,7010,5421,5011,47,52,77
도봉구,도봉2동,20826,13071,12913,더불어민주당,정원오,6386,49.454,158,7755,6386,6290,71,77,89
노원구,월계1동,17830,10949,10806,더불어민주당,정원오,5326,49.2874,143,6881,5326,5225,84,83,88
노원구,월계2동,20127,12431,12233,더불어민주당,정원오,6162,50.3719,198,7696,6162,5784,63,105,119
노원구,월계3동,22195,14252,14070,국민의힘,오세훈,7223,51.3362,182,7943,6514,7223,90,112,131
노원구,공릉1동,30314,18347,18115,더불어민주당,정원오,9358,51.6588,232,11967,9358,8127,174,242,214
노원구,공릉2동,31944,20461,20255,더불어민주당,정원오,10128,50.0025,206,11483,10128,9479,159,253,236
노원구,하계1동,20634,12448,12285,더불어민주당,정원오,5983,48.7017,163,8186,5983,5936,120,137,109
노원구,하계2동,15915,10805,10724,더불어민주당,정원오,5573,51.9675,81,5110,5573,4907,64,97,83
노원구,중계본동,16190,10251,10165,더불어민주당,정원오,5282,51.9626,86,5939,5282,4583,73,103,124
노원구,중계1동,18229,11829,11756,더불어민주당,정원오,6224,52.9432,73,6400,6224,5242,92,93,105
노원구,중계2·3동,26718,16818,16571,더불어민주당,정원오,8687,52.4229,247,9900,8687,7511,118,108,147
노원구,중계4동,15260,9542,9418,더불어민주당,정원오,4955,52.612,124,5718,4955,4232,62,60,109
노원구,상계1동,30039,18275,18059,더불어민주당,정원오,9245,51.1933,216,11764,9245,8330,130,158,196
노원구,상계2동,15897,9573,9466,더불어민주당,정원오,4673,49.3662,107,6324,4673,4537,71,87,98
노원구,상계3·4동,21645,12689,12509,더불어민주당,정원오,6273,50.1479,180,8956,6273,5940,94,85,117
노원구,상계5동,19197,11273,11108,더불어민주당,정원오,5614,50.5402,165,7924,5614,5188,92,90,124
노원구,상계6·7동,24623,15524,15395,국민의힘,오세훈,7603,49.3862,129,9099,7396,7603,129,126,141
노원구,상계8동,16696,10981,10880,더불어민주당,정원오,5563,51.1305,101,5715,5563,4987,96,83,151
노원구,상계9동,15747,10294,10191,더불어민주당,정원오,4970,48.7685,103,5453,4970,4917,92,88,124
노원구,상계10동,14671,9583,9485,국민의힘,오세훈,4748,50.058,98,5088,4497,4748,78,60,102
은평구,녹번동,29006,16693,16521,더불어민주당,정원오,8440,51.0865,172,12313,8440,7666,98,123,194
은평구,응암제1동,25549,15080,14907,더불어민주당,정원오,7899,52.9885,173,10469,7899,6532,120,161,195
은평구,응암제2동,19755,12205,12104,더불어민주당,정원오,6394,52.8255,101,7550,6394,5404,88,86,132
은평구,응암제3동,20498,11314,11138,더불어민주당,정원오,6185,55.5306,176,9184,6185,4654,54,111,134
은평구,역촌동,37278,21035,20763,더불어민주당,정원오,11647,56.095,272,16243,11647,8514,138,191,273
은평구,신사제1동,22000,12960,12799,더불어민주당,정원오,7134,55.7387,161,9040,7134,5277,93,119,176
은평구,신사제2동,15371,8691,8582,더불어민주당,정원오,4448,51.8294,109,6680,4448,3906,60,61,107
은평구,증산동,12576,8035,7956,더불어민주당,정원오,4114,51.7094,79,4541,4114,3608,50,72,112
은평구,수색동,17136,11410,11296,더불어민주당,정원오,5676,50.2479,114,5726,5676,5317,88,85,130
은평구,불광제1동,27722,16800,16609,더불어민주당,정원오,8131,48.9554,191,10922,8131,8023,118,140,197
은평구,불광제2동,22662,12557,12369,더불어민주당,정원오,6443,52.0899,188,10105,6443,5623,80,91,132
은평구,갈현제1동,11779,6593,6502,더불어민주당,정원오,3401,52.307,91,5186,3401,2932,35,50,84
은평구,갈현제2동,22724,12818,12675,더불어민주당,정원오,6956,54.8797,143,9906,6956,5328,101,134,156
은평구,구산동,25145,13995,13810,더불어민주당,정원오,7592,54.9747,185,11150,7592,5801,90,133,194
은평구,대조동,22696,12503,12326,더불어민주당,정원오,6286,50.9979,177,10193,6286,5596,120,142,182
은평구,진관동,42131,27630,27396,더불어민주당,정원오,14548,53.1026,234,14501,14548,12031,212,247,358
서대문구,충현동,15063,8883,8779,국민의힘,오세훈,4476,50.9853,104,6180,4010,4476,97,99,97
서대문구,천연동,13633,9221,9125,국민의힘,오세훈,4431,48.5589,96,4412,4407,4431,101,71,115
서대문구,북아현동,12789,8429,8353,국민의힘,오세훈,4148,49.6588,76,4360,3921,4148,84,99,101
서대문구,신촌동,17524,8300,8201,국민의힘,오세훈,4190,51.0913,99,9224,3256,4190,114,460,181
서대문구,연희동,27907,15411,15248,국민의힘,오세훈,7714,50.5902,163,12496,6948,7714,129,150,307
서대문구,홍제제1동,19207,12146,12002,국민의힘,오세훈,5903,49.1835,144,7061,5792,5903,61,102,144
서대문구,홍제제2동,10576,7459,7384,더불어민주당,정원오,3598,48.727,75,3117,3598,3598,54,53,81
서대문구,홍제제3동,14293,9000,8883,더불어민주당,정원오,4545,51.1651,117,5293,4545,4131,54,61,92
서대문구,홍은제1동,19620,12706,12559,더불어민주당,정원오,6636,52.8386,147,6914,6636,5619,62,74,168
서대문구,홍은제2동,21300,12209,12060,더불어민주당,정원오,6092,50.5141,149,9091,6092,5639,73,98,158
서대문구,남가좌제1동,14483,10521,10445,더불어민주당,정원오,5414,51.8334,76,3962,5414,4762,62,72,135
서대문구,남가좌제2동,21360,13068,12912,더불어민주당,정원오,6271,48.5672,156,8292,6271,6253,78,136,174
서대문구,북가좌제1동,14599,10067,9971,더불어민주당,정원오,5129,51.4392,96,4532,5129,4592,71,58,121
서대문구,북가좌제2동,24673,14517,14329,더불어민주당,정원오,7605,53.0742,188,10156,7605,6326,89,127,182
마포구,공덕동,28320,16810,16618,국민의힘,오세훈,8657,52.0941,192,11510,7472,8657,119,192,178
마포구,아현동,21688,13935,13811,국민의힘,오세훈,7800,56.4767,124,7753,5676,7800,97,96,142
마포구,도화동,16788,11411,11306,국민의힘,오세훈,6225,55.0593,105,5377,4822,6225,75,78,106
마포구,용강동,16574,11207,11124,국민의힘,오세훈,5960,53.5778,83,5367,4890,5960,92,66,116
마포구,대흥동,11803,6698,6616,국민의힘,오세훈,3420,51.6929,82,5105,2889,3420,73,136,98
마포구,염리동,13117,8394,8322,국민의힘,오세훈,4275,51.3699,72,4723,3826,4275,56,79,86
마포구,신수동,17246,10979,10892,국민의힘,오세훈,5721,52.5248,87,6267,4883,5721,83,73,132
마포구,서강동,20133,12354,12243,국민의힘,오세훈,6213,50.7474,111,7779,5565,6213,101,148,216
마포구,서교동,19787,10034,9910,국민의힘,오세훈,4798,48.4157,124,9753,4681,4798,91,152,188
마포구,합정동,13618,8149,8058,더불어민주당,정원오,4041,50.1489,91,5469,4041,3683,70,108,156
마포구,망원1동,16029,9640,9502,더불어민주당,정원오,4881,51.3681,138,6389,4881,4229,73,114,205
마포구,망원2동,14506,9234,9131,더불어민주당,정원오,4943,54.1343,103,5272,4943,3838,73,89,188
마포구,연남동,12672,7276,7203,더불어민주당,정원오,3621,50.2707,73,5396,3621,3285,54,80,163
마포구,성산1동,14895,8407,8322,더불어민주당,정원오,4454,53.5208,85,6488,4454,3473,57,106,232
마포구,성산2동,30729,18982,18784,더불어민주당,정원오,9362,49.8403,198,11747,9362,8744,167,218,293
마포구,상암동,23087,14699,14529,더불어민주당,정원오,8046,55.3789,170,8388,8046,6014,129,153,187
양천구,목1동,21150,13776,13696,국민의힘,오세훈,8197,59.8496,80,7374,5239,8197,91,93,76
양천구,목2동,23349,14403,14249,더불어민주당,정원오,7108,49.8842,154,8946,7108,6731,128,126,156
양천구,목3동,17128,10215,10099,국민의힘,오세훈,5025,49.7574,116,6913,4812,5025,92,82,88
양천구,목4동,19640,11995,11857,더불어민주당,정원오,6028,50.8392,138,7645,6028,5515,82,118,114
양천구,목5동,28952,19946,19865,국민의힘,오세훈,12461,62.7284,81,9006,6999,12461,111,131,163
양천구,신월1동,16172,9034,8910,더불어민주당,정원오,4709,52.8507,124,7138,4709,4032,51,56,62
양천구,신월2동,15986,9815,9693,더불어민주당,정원오,4913,50.6861,122,6171,4913,4587,53,68,72
양천구,신월3동,11285,5945,5857,더불어민주당,정원오,3047,52.0232,88,5340,3047,2689,27,41,53
양천구,신월4동,13748,8802,8690,더불어민주당,정원오,4790,55.1208,112,4946,4790,3739,34,59,68
양천구,신월5동,11648,6782,6717,더불어민주당,정원오,3600,53.5954,65,4866,3600,2962,42,53,60
양천구,신월6동,11467,7940,7873,더불어민주당,정원오,3995,50.743,67,3527,3995,3706,48,52,72
양천구,신월7동,15436,9337,9183,더불어민주당,정원오,4696,51.138,154,6099,4696,4304,60,50,73
양천구,신정1동,13876,9428,9370,국민의힘,오세훈,5514,58.8474,58,4448,3666,5514,58,57,75
양천구,신정2동,14897,10172,10092,더불어민주당,정원오,5170,51.2287,80,4725,5170,4668,68,82,104
양천구,신정3동,34857,21810,21605,더불어민주당,정원오,10627,49.1877,205,13047,10627,10503,122,155,198
양천구,신정4동,26683,15314,15150,더불어민주당,정원오,7762,51.2343,164,11369,7762,7020,104,143,121
양천구,신정6동,17721,12593,12525,국민의힘,오세훈,7623,60.8623,68,5128,4658,7623,84,69,91
양천구,신정7동,21114,14141,13974,국민의힘,오세훈,7591,54.3223,167,6973,6097,7591,109,78,99
강서구,염창동,31611,20981,20842,더불어민주당,정원오,10424,50.0144,139,10630,10424,9887,166,168,197
강서구,등촌제1동,21073,12298,12184,더불어민주당,정원오,5962,48.933,114,8775,5962,5844,118,113,147
강서구,등촌제2동,15847,9747,9643,국민의힘,오세훈,4879,50.5963,104,6100,4516,4879,70,78,100
강서구,등촌제3동,24489,15635,15418,국민의힘,오세훈,7631,49.4941,217,8854,7432,7631,106,101,148
강서구,화곡본동,26418,13242,13067,더불어민주당,정원오,7122,54.5037,175,13176,7122,5524,107,132,182
강서구,화곡제1동,41826,20316,20060,더불어민주당,정원오,10451,52.0987,256,21510,10451,9024,167,192,226
강서구,화곡제2동,14013,7405,7323,더불어민주당,정원오,4015,54.8273,82,6608,4015,3060,49,97,102
강서구,화곡제3동,17353,10803,10686,국민의힘,오세훈,5429,50.8048,117,6550,4938,5429,88,92,139
강서구,화곡제4동,16664,9010,8878,더불어민주당,정원오,4867,54.8209,132,7654,4867,3774,59,61,117
강서구,화곡제6동,21742,12686,12544,더불어민주당,정원오,6264,49.9362,142,9056,6264,5958,88,98,136
강서구,화곡제8동,20345,11638,11500,더불어민주당,정원오,6585,57.2609,138,8707,6585,4551,110,108,146
강서구,우장산동,32477,19709,19571,국민의힘,오세훈,9841,50.2836,138,12768,9194,9841,162,177,197
강서구,가양제1동,27280,15221,15094,국민의힘,오세훈,7897,52.3188,127,12059,6749,7897,135,146,167
강서구,가양제2동,12085,7945,7841,국민의힘,오세훈,3932,50.1467,104,4140,3753,3932,51,49,56
강서구,가양제3동,12122,8024,7911,국민의힘,오세훈,3945,49.8673,113,4098,3794,3945,49,52,71
강서구,발산제1동,27306,17586,17406,더불어민주당,정원오,9737,55.9405,180,9720,9737,7211,110,167,181
강서구,공항동,22781,13088,12943,더불어민주당,정원오,6696,51.7345,145,9693,6696,5910,121,109,107
강서구,방화제1동,32192,20333,20129,더불어민주당,정원오,10004,49.6994,204,11859,10004,9639,142,150,194
강서구,방화제2동,19683,11468,11330,국민의힘,오세훈,5554,49.0203,138,8215,5468,5554,112,78,118
강서구,방화제3동,18311,11628,11487,국민의힘,오세훈,5671,49.3689,141,6683,5560,5671,85,65,106
구로구,신도림동,28456,19155,19004,국민의힘,오세훈,9686,50.9682,151,9301,8874,9686,122,146,176
구로구,구로제1동,16236,10819,10725,더불어민주당,정원오,5470,51.0023,94,5417,5470,4945,94,90,126
구로구,구로제2동,20321,9778,9619,더불어민주당,정원오,5013,52.1156,159,10543,5013,4406,65,50,85
구로구,구로제3동,20361,11293,11114,더불어민주당,정원오,6166,55.4796,179,9068,6166,4556,142,105,145
구로구,구로제4동,15997,8287,8105,더불어민주당,정원오,4275,52.7452,182,7710,4275,3624,64,68,74
구로구,구로제5동,24818,14419,14257,더불어민주당,정원오,7174,50.3191,162,10399,7174,6692,121,120,150
구로구,가리봉동,8427,3659,3567,더불어민주당,정원오,1830,51.3036,92,4768,1830,1629,44,30,34
구로구,고척제1동,22235,14101,13950,더불어민주당,정원오,7017,50.3011,151,8134,7017,6548,113,128,144
구로구,고척제2동,20545,12458,12287,더불어민주당,정원오,6215,50.5819,171,8087,6215,5733,89,103,147
구로구,개봉제1동,27825,16598,16354,더불어민주당,정원오,8149,49.8288,244,11227,8149,7799,118,110,178
구로구,개봉제2동,25231,16416,16257,더불어민주당,정원오,8067,49.6217,159,8815,8067,7776,124,126,164
구로구,개봉제3동,15913,9244,9117,더불어민주당,정원오,4688,51.4204,127,6669,4688,4194,68,80,87
구로구,오류제1동,20699,11859,11695,더불어민주당,정원오,5734,49.0295,164,8840,5734,5557,94,136,174
구로구,오류제2동,28405,17649,17399,더불어민주당,정원오,8950,51.4397,250,10756,8950,7993,98,139,219
구로구,수궁동,18343,11571,11383,국민의힘,오세훈,5961,52.3676,188,6772,5157,5961,70,80,115
구로구,항동,11960,8236,8184,더불어민주당,정원오,4681,57.197,52,3724,4681,3237,80,54,132
금천구,가산동,23282,11650,11486,더불어민주당,정원오,5921,51.5497,164,11632,5921,5038,176,164,187
금천구,독산제1동,39186,21725,21468,더불어민주당,정원오,10626,49.4969,257,17461,10626,10146,241,218,237
금천구,독산제2동,14880,7565,7444,더불어민주당,정원오,3941,52.942,121,7315,3941,3320,64,59,60
금천구,독산제3동,20958,10982,10817,더불어민주당,정원오,5814,53.7487,165,9976,5814,4729,70,90,114
금천구,독산제4동,12921,7036,6921,더불어민주당,정원오,3822,55.2232,115,5885,3822,2947,50,43,59
금천구,시흥제1동,26460,14488,14273,더불어민주당,정원오,7224,50.613,215,11972,7224,6674,121,113,141
금천구,시흥제2동,16136,10531,10402,더불어민주당,정원오,5486,52.7399,129,5605,5486,4705,52,58,101
금천구,시흥제3동,8735,5509,5428,더불어민주당,정원오,2830,52.1371,81,3226,2830,2468,36,37,57
금천구,시흥제4동,15916,9193,9028,더불어민주당,정원오,4744,52.5476,165,6723,4744,4096,67,64,57
금천구,시흥제5동,15269,8765,8582,더불어민주당,정원오,4474,52.1324,183,6504,4474,3899,69,57,83
영등포구,영등포본동,17535,10630,10503,국민의힘,오세훈,5205,49.5573,127,6905,5043,5205,86,66,103
영등포구,영등포동,26352,13657,13471,국민의힘,오세훈,7302,54.2053,186,12695,5699,7302,174,142,154
영등포구,여의동,27738,17726,17624,국민의힘,오세훈,12735,72.2594,102,10012,4584,12735,98,88,119
영등포구,당산제1동,17686,10682,10542,국민의힘,오세훈,5454,51.7359,140,7004,4748,5454,106,122,112
영등포구,당산제2동,28918,18314,18164,국민의힘,오세훈,10164,55.9568,150,10604,7453,10164,151,187,209
영등포구,도림동,15520,8822,8703,더불어민주당,정원오,4465,51.3041,119,6698,4465,4007,91,62,78
영등포구,문래동,24046,16032,15899,더불어민주당,정원오,7865,49.4685,133,8014,7865,7649,124,114,147
영등포구,양평제1동,15902,9867,9767,더불어민주당,정원오,4741,48.541,100,6035,4741,4707,107,87,125
영등포구,양평제2동,18312,11753,11661,국민의힘,오세훈,5742,49.2411,92,6559,5570,5742,96,114,139
영등포구,신길제1동,16251,8897,8776,국민의힘,오세훈,4349,49.5556,121,7354,4152,4349,72,80,123
영등포구,신길제3동,13298,8077,7956,국민의힘,오세훈,4126,51.8602,121,5221,3650,4126,58,60,62
영등포구,신길제4동,9728,5944,5863,국민의힘,오세훈,2964,50.5543,81,3784,2758,2964,47,41,53
영등포구,신길제5동,7991,4859,4810,국민의힘,오세훈,2369,49.2516,49,3132,2330,2369,39,35,37
영등포구,신길제6동,15157,9384,9282,국민의힘,오세훈,4751,51.1851,102,5773,4259,4751,79,78,115
영등포구,신길제7동,14270,9271,9201,국민의힘,오세훈,5126,55.7113,70,4999,3845,5126,73,78,79
영등포구,대림제1동,12198,6915,6802,더불어민주당,정원오,3487,51.2643,113,5283,3487,3174,52,40,49
영등포구,대림제2동,12060,5932,5812,더불어민주당,정원오,3090,53.1659,120,6128,3090,2575,51,50,46
영등포구,대림제3동,18185,10490,10354,더불어민주당,정원오,5062,48.8893,136,7695,5062,5029,72,72,119
동작구,노량진제1동,26531,15674,15459,국민의힘,오세훈,8804,56.9506,215,10857,6154,8804,205,126,170
동작구,노량진제2동,7593,4376,4304,국민의힘,오세훈,2078,48.2807,72,3217,2046,2078,65,58,57
동작구,상도제1동,36687,22679,22402,국민의힘,오세훈,11864,52.9596,277,14008,9742,11864,296,247,253
동작구,상도제2동,21131,13418,13285,국민의힘,오세훈,6999,52.6835,133,7713,5877,6999,168,110,131
동작구,상도제3동,20781,12861,12677,더불어민주당,정원오,6503,51.2976,184,7920,6503,5728,162,140,144
동작구,상도제4동,23101,13353,13175,더불어민주당,정원오,6405,48.6148,178,9748,6405,6380,164,100,126
동작구,흑석동,24217,15355,15220,국민의힘,오세훈,8934,58.6991,135,8862,5928,8934,138,95,125
동작구,사당제1동,18570,10500,10342,국민의힘,오세훈,5103,49.3425,158,8070,4854,5103,138,109,138
동작구,사당제2동,23163,15228,15090,국민의힘,오세훈,8287,54.9172,138,7935,6432,8287,150,84,137
동작구,사당제3동,18185,11674,11566,국민의힘,오세훈,6424,55.5421,108,6511,4891,6424,97,70,84
동작구,사당제4동,11701,7279,7187,더불어민주당,정원오,3615,50.2992,92,4422,3615,3372,66,64,70
동작구,사당제5동,11553,7560,7480,국민의힘,오세훈,3707,49.5588,80,3993,3569,3707,81,47,76
동작구,대방동,25756,15775,15575,국민의힘,오세훈,7776,49.9262,200,9981,7236,7776,213,160,190
동작구,신대방제1동,18938,11564,11437,국민의힘,오세훈,5724,50.0481,127,7374,5381,5724,134,87,111
동작구,신대방제2동,17539,10823,10714,국민의힘,오세훈,5353,49.9627,109,6716,5020,5353,110,107,124
관악구,보라매동,19869,11081,10935,더불어민주당,정원오,5600,51.2117,146,8788,5600,4952,129,120,134
관악구,은천동,26313,15779,15606,더불어민주당,정원오,8250,52.8643,173,10534,8250,6854,164,152,186
관악구,성현동,23542,15227,15058,더불어민주당,정원오,7658,50.8567,169,8315,7658,6963,148,109,180
관악구,중앙동,13837,7556,7419,더불어민주당,정원오,3790,51.0851,137,6281,3790,3258,133,106,132
관악구,청림동,11990,8034,7940,더불어민주당,정원오,4010,50.5038,94,3956,4010,3707,70,59,94
관악구,행운동,24556,13825,13630,더불어민주당,정원오,6702,49.1709,195,10731,6702,6325,204,189,210
관악구,청룡동,31420,16981,16743,더불어민주당,정원오,8038,48.0081,238,14439,8038,7907,231,304,263
관악구,낙성대동,15225,8344,8230,국민의힘,오세훈,3953,48.0316,114,6881,3841,3953,152,115,169
관악구,인헌동,23116,13972,13754,더불어민주당,정원오,7137,51.8904,218,9144,7137,6007,211,182,217
관악구,남현동,15054,8927,8827,국민의힘,오세훈,4309,48.8161,100,6127,4206,4309,101,107,104
관악구,신림동,21744,9365,9190,더불어민주당,정원오,4389,47.7584,175,12379,4389,4319,163,184,135
관악구,신사동,20590,10478,10321,더불어민주당,정원오,5271,51.0706,157,10112,5271,4627,132,136,155
관악구,조원동,17883,9560,9416,더불어민주당,정원오,4707,49.9894,144,8323,4707,4338,107,117,147
관악구,미성동,24217,13942,13735,더불어민주당,정원오,6837,49.7779,207,10275,6837,6490,140,107,161
관악구,난곡동,20765,11238,11062,더불어민주당,정원오,6028,54.4929,176,9527,6028,4693,109,94,138
관악구,난향동,11807,7405,7327,더불어민주당,정원오,3987,54.4152,78,4402,3987,3160,53,61,66
관악구,서원동,20269,9792,9652,더불어민주당,정원오,4678,48.4666,140,10477,4678,4549,140,128,157
관악구,신원동,15717,8223,8088,더불어민주당,정원오,4036,49.9011,135,7494,4036,3724,90,101,137
관악구,서림동,19792,9681,9542,국민의힘,오세훈,4719,49.455,139,10111,4416,4719,135,114,158
관악구,삼성동,17330,10902,10737,더불어민주당,정원오,5670,52.808,165,6428,5670,4767,95,62,143
관악구,대학동,22240,11323,11168,더불어민주당,정원오,5382,48.1913,155,10917,5382,5224,226,132,204
서초구,서초1동,16522,10029,9952,국민의힘,오세훈,6426,64.5699,77,6493,3271,6426,102,69,84
서초구,서초2동,19821,12207,12111,국민의힘,오세훈,8366,69.0777,96,7614,3495,8366,103,68,79
서초구,서초3동,26459,15801,15703,국민의힘,오세훈,10153,64.6564,98,10658,5205,10153,136,102,107
서초구,서초4동,22503,14422,14351,국민의힘,오세훈,10925,76.1271,71,8081,3171,10925,95,84,76
서초구,잠원동,26695,17529,17448,국민의힘,오세훈,12823,73.4927,81,9166,4302,12823,107,101,115
서초구,반포본동,233,141,141,국민의힘,오세훈,88,62.4113,0,92,50,88,1,1,1
서초구,반포1동,25557,14978,14893,국민의힘,오세훈,10466,70.2746,85,10579,4175,10466,83,73,96
서초구,반포2동,19736,13657,13598,국민의힘,오세훈,10587,77.857,59,6079,2795,10587,78,74,64
서초구,반포3동,18160,12281,12226,국민의힘,오세훈,9120,74.5951,55,5879,2883,9120,84,68,71
서초구,반포4동,13817,8587,8539,국민의힘,오세훈,6061,70.9802,48,5230,2313,6061,57,46,62
서초구,방배본동,15971,10498,10415,국민의힘,오세훈,6915,66.3946,83,5473,3320,6915,56,59,65
서초구,방배1동,13310,8599,8525,국민의힘,오세훈,5326,62.4751,74,4711,2978,5326,75,63,83
서초구,방배2동,14455,9599,9519,국민의힘,오세훈,5558,58.3885,80,4856,3739,5558,82,69,71
서초구,방배3동,12286,8180,8133,국민의힘,오세훈,5506,67.6995,47,4106,2467,5506,57,48,55
서초구,방배4동,20321,13111,12994,국민의힘,오세훈,8057,62.0055,117,7210,4647,8057,89,87,114
서초구,양재1동,31433,20080,19908,국민의힘,오세훈,11411,57.3187,172,11353,8069,11411,146,131,151
서초구,양재2동,17821,10937,10826,국민의힘,오세훈,5523,51.0161,111,6884,5009,5523,118,76,100
서초구,내곡동,13171,8863,8768,국민의힘,오세훈,5141,58.6337,95,4308,3472,5141,43,48,64
강남구,신사동,12472,7608,7568,국민의힘,오세훈,5856,77.3784,40,4864,1617,5856,33,35,27
강남구,논현1동,18335,7850,7786,국민의힘,오세훈,4747,60.9684,64,10485,2873,4747,61,57,48
강남구,논현2동,17002,8344,8261,국민의힘,오세훈,5630,68.1516,83,8658,2468,5630,49,58,56
강남구,압구정동,20311,12753,12688,국민의힘,오세훈,10757,84.7809,65,7558,1756,10757,69,51,55
강남구,청담동,21315,12086,11999,국민의힘,오세훈,9091,75.7646,87,9229,2709,9091,75,66,58
강남구,삼성1동,10569,6270,6220,국민의힘,오세훈,4605,74.0354,50,4299,1521,4605,39,22,33
강남구,삼성2동,24145,14062,13974,국민의힘,오세훈,9590,68.6275,88,10083,4089,9590,102,103,90
강남구,대치1동,16884,11159,11111,국민의힘,오세훈,8834,79.5068,48,5725,2081,8834,92,64,40
강남구,대치2동,27816,17896,17806,국민의힘,오세훈,13386,75.1769,90,9920,4088,13386,142,82,108
강남구,대치4동,15004,7727,7661,국민의힘,오세훈,4491,58.6216,66,7277,2968,4491,78,67,57
강남구,역삼1동,29986,12851,12714,국민의힘,오세훈,7504,59.0216,137,17135,4832,7504,155,129,94
강남구,역삼2동,27597,16022,15904,국민의힘,오세훈,10429,65.5747,118,11575,5108,10429,133,112,122
강남구,도곡1동,16238,10559,10485,국민의힘,오세훈,6998,66.743,74,5679,3225,6998,93,89,80
강남구,도곡2동,23819,14856,14779,국민의힘,오세훈,11686,79.0717,77,8963,2823,11686,106,92,72
강남구,개포1동,20616,14035,13962,국민의힘,오세훈,9867,70.6704,73,6581,3853,9867,104,69,69
강남구,개포2동,28062,18105,18018,국민의힘,오세훈,12755,70.7903,87,9957,4931,12755,147,81,104
강남구,개포3동,12760,8659,8565,국민의힘,오세훈,5429,63.3859,94,4101,2974,5429,72,38,52
강남구,개포4동,18661,11359,11276,국민의힘,오세훈,6822,60.5002,83,7302,4226,6822,87,75,66
강남구,일원본동,17046,11571,11488,국민의힘,오세훈,7310,63.6316,83,5475,3933,7310,97,62,86
강남구,일원1동,11587,6946,6828,국민의힘,오세훈,3899,57.1031,118,4641,2760,3899,63,52,54
강남구,수서동,12028,8060,7945,국민의힘,오세훈,4732,59.5595,115,3968,3077,4732,55,41,40
강남구,세곡동,35124,22240,22044,국민의힘,오세훈,11723,53.18,196,12884,9803,11723,188,162,168
송파구,풍납1동,9510,5956,5888,국민의힘,오세훈,2938,49.8981,68,3554,2831,2938,36,41,42
송파구,풍납2동,18706,11965,11857,국민의힘,오세훈,6358,53.6223,108,6741,5217,6358,104,80,98
송파구,거여1동,9896,6066,5985,국민의힘,오세훈,3048,50.9273,81,3830,2821,3048,36,37,43
송파구,거여2동,18471,12161,11969,국민의힘,오세훈,6255,52.26,192,6310,5461,6255,90,75,88
송파구,마천1동,12784,7726,7607,더불어민주당,정원오,3792,49.8488,119,5058,3792,3664,44,47,60
송파구,마천2동,15273,9221,9079,더불어민주당,정원오,4612,50.7985,142,6052,4612,4311,68,37,51
송파구,방이1동,12181,7954,7861,국민의힘,오세훈,4239,53.9244,93,4227,3451,4239,60,58,53
송파구,방이2동,22466,12329,12207,국민의힘,오세훈,6381,52.2733,122,10137,5506,6381,111,95,114
송파구,오륜동,13639,9493,9438,국민의힘,오세훈,6751,71.53,55,4146,2524,6751,63,59,41
송파구,오금동,29887,18685,18503,국민의힘,오세훈,10184,55.0397,182,11202,7934,10184,119,124,142
송파구,송파1동,19810,11743,11621,국민의힘,오세훈,6071,52.2416,122,8067,5248,6071,105,115,82
송파구,송파2동,14944,10134,10066,국민의힘,오세훈,5979,59.398,68,4810,3865,5979,77,78,67
송파구,석촌동,25661,14188,14034,국민의힘,오세훈,6921,49.3159,154,11473,6723,6921,124,141,125
송파구,삼전동,24468,13711,13540,더불어민주당,정원오,6636,49.0103,171,10757,6636,6536,114,125,129
송파구,가락본동,19683,11817,11724,국민의힘,오세훈,6580,56.1242,93,7866,4853,6580,107,88,96
송파구,가락1동,20534,14165,14080,국민의힘,오세훈,9063,64.3679,85,6369,4765,9063,97,69,86
송파구,가락2동,21995,13927,13812,국민의힘,오세훈,7340,53.1422,115,8068,6158,7340,111,101,102
송파구,문정1동,16280,10058,9978,국민의힘,오세훈,5512,55.2415,80,6222,4198,5512,95,84,89
송파구,문정2동,23559,14532,14453,국민의힘,오세훈,9573,66.2354,79,9027,4568,9573,114,107,91
송파구,장지동,24762,16061,15905,국민의힘,오세훈,8061,50.6822,156,8701,7498,8061,132,100,114
송파구,잠실본동,23310,12812,12685,국민의힘,오세훈,6781,53.4568,127,10498,5578,6781,106,114,106
송파구,잠실2동,25382,17159,17046,국민의힘,오세훈,11053,64.8422,113,8223,5676,11053,115,95,107
송파구,잠실3동,25010,17016,16922,국민의힘,오세훈,12240,72.3319,94,7994,4427,12240,71,98,86
송파구,잠실4동,23735,16779,16663,국민의힘,오세훈,11106,66.6507,116,6956,5214,11106,129,80,134
송파구,잠실6동,13031,8947,8892,국민의힘,오세훈,6201,69.7368,55,4084,2569,6201,43,38,41
송파구,잠실7동,1601,1600,1590,국민의힘,오세훈,881,55.4088,10,1,682,881,15,3,9
송파구,위례동,30760,20229,20083,국민의힘,오세훈,9972,49.6539,146,10531,9662,9972,142,140,167
강동구,강일동,26659,17700,17541,더불어민주당,정원오,9321,53.1384,159,8959,9321,7821,149,113,137
강동구,상일제1동,28204,19454,19335,국민의힘,오세훈,10612,54.8849,119,8750,8296,10612,177,119,131
강동구,상일제2동,9875,6534,6469,더불어민주당,정원오,3529,54.5525,65,3341,3529,2756,58,52,74
강동구,명일제1동,19627,12986,12901,국민의힘,오세훈,7413,57.4607,85,6641,5176,7413,108,98,106
강동구,명일제2동,13031,8947,8891,국민의힘,오세훈,5248,59.026,56,4084,3460,5248,75,55,53
강동구,고덕제1동,16958,11635,11577,국민의힘,오세훈,6116,52.8289,58,5323,5236,6116,75,66,84
강동구,고덕제2동,19120,12535,12458,국민의힘,오세훈,7089,56.9032,77,6585,5142,7089,83,64,80
강동구,암사제1동,26455,15174,15007,국민의힘,오세훈,7330,48.8439,167,11281,7319,7330,120,104,134
강동구,암사제2동,12871,8925,8854,국민의힘,오세훈,4543,51.3101,71,3946,4083,4543,83,70,75
강동구,암사제3동,13679,9718,9646,국민의힘,오세훈,5215,54.0639,72,3961,4218,5215,80,62,71
강동구,천호제1동,20881,11829,11675,국민의힘,오세훈,5715,48.9507,154,9052,5692,5715,98,74,96
강동구,천호제2동,30201,17325,17120,국민의힘,오세훈,8640,50.4673,205,12876,8061,8640,154,110,155
강동구,천호제3동,23192,12848,12716,국민의힘,오세훈,6637,52.1941,132,10344,5748,6637,121,99,111
강동구,성내제1동,15521,9910,9820,국민의힘,오세훈,4949,50.3971,90,5611,4640,4949,79,78,74
강동구,성내제2동,20922,12130,11994,국민의힘,오세훈,5922,49.3747,136,8792,5711,5922,138,104,119
강동구,성내제3동,18729,11353,11230,더불어민주당,정원오,5560,49.5102,123,7376,5560,5408,100,67,95
강동구,길동,40064,22943,22690,국민의힘,오세훈,11604,51.1415,253,17121,10575,11604,186,154,171
강동구,둔촌제1동,25205,18521,18429,국민의힘,오세훈,11748,63.7474,92,6684,6366,11748,126,77,112
강동구,둔촌제2동,20506,13210,13098,국민의힘,오세훈,6941,52.9928,112,7296,5852,6941,114,73,118
